[
  {
    "company": "Kihn-Roberts",
    "position": "Software Test Engineer III",
    "jobLocation": "Karangtengah",
    "jobType": "full-time",
    "status": "pending",
    "createdBy": "62a03a4d6db699f607382e87",
    "createdAt": "2020-01-06T12:17:11Z"
  },
  {
    "company": "Strosin and Sons",
    "position": "Staff Accountant II",
    "jobLocation": "Gnosjö",
    "jobType": "remote",
    "status": "interview",
    "createdBy": "62a03a4d6db699f607382e87",
    "createdAt": "2020-08-11T04:52:58Z"
  },
  {
    "company": "Marvin-Wisoky",
    "position": "Nuclear Power Engineer",
    "jobLocation": "Sulkava",
    "jobType": "part-time",
    "status": "interview",
    "createdBy": "62a03a4d6db699f607382e87",
    "createdAt": "2021-09-22T20:17:03Z"
  },
  {
    "company": "Weber, Glover and Quitzon",
    "position": "Electrical Engineer",
    "jobLocation": "København",
    "jobType": "internship",
    "status": "declined",
    "createdBy": "62a03a4d6db699f607382e87",
    "createdAt": "2020-11-29T01:32:17Z"
  },
  {
    "company": "Kirlin LLC",
    "position": "Developer IV",
    "jobLocation": "Zheyuan",
    "jobType": "internship",
    "status": "declined",
    "createdBy": "62a03a4d6db699f607382e87",
    "createdAt": "2020-04-19T09:50:29Z"
  },
  {
    "company": "Denesik Group",
    "position": "Administrative Officer",
    "jobLocation": "Pergamos",
    "jobType": "part-time",
    "status": "interview",
    "createdBy": "62a03a4d6db699f607382e87",
    "createdAt": "2020-01-10T09:00:17Z"
  },
  {
    "company": "Batz, Bruen and Miller",
    "position": "Human Resources Manager",
    "jobLocation": "Pandangan Kulon",
    "jobType": "remote",
    "status": "interview",
    "createdBy": "62a03a4d6db699f607382e87",
    "createdAt": "2020-01-15T01:12:55Z"
  },
  {
    "company": "Turcotte and Sons",
    "position": "Research Assistant IV",
    "jobLocation": "Būrabay",
    "jobType": "full-time",
    "status": "pending",
    "createdBy": "62a03a4d6db699f607382e87",
    "createdAt": "2020-06-20T05:16:03Z"
  },
  {
    "company": "Wiza, Sawayn and Hayes",
    "position": "Legal Assistant",
    "jobLocation": "Rio Pardo",
    "jobType": "part-time",
    "status": "declined",
    "createdBy": "62a03a4d6db699f607382e87",
    "createdAt": "2021-03-05T09:15:30Z"
  },
  {
    "company": "Hills, Ward and Gleichner",
    "position": "Senior Editor",
    "jobLocation": "Giồng Riềng",
    "jobType": "part-time",
    "status": "pending",
    "createdBy": "62a03a4d6db699f607382e87",
    "createdAt": "2021-08-23T02:08:39Z"
  },
  {
    "company": "Bins-Ullrich",
    "position": "Dental Hygienist",
    "jobLocation": "Methven",
    "jobType": "internship",
    "status": "interview",
    "createdBy": "62a03a4d6db699f607382e87",
    "createdAt": "2020-10-23T03:37:19Z"
  },
  {
    "company": "Hahn, Sanford and Goodwin",
    "position": "Product Engineer",
    "jobLocation": "Liushutun",
    "jobType": "internship",
    "status": "interview",
    "createdBy": "62a03a4d6db699f607382e87",
    "createdAt": "2020-04-14T23:21:45Z"
  },
  {
    "company": "Koch Group",
    "position": "Web Designer III",
    "jobLocation": "San Miguel",
    "jobType": "internship",
    "status": "pending",
    "createdBy": "62a03a4d6db699f607382e87",
    "createdAt": "2020-11-30T16:02:13Z"
  },
  {
    "company": "Cremin, Durgan and Schmitt",
    "position": "Project Manager",
    "jobLocation": "Weton",
    "jobType": "internship",
    "status": "pending",
    "createdBy": "62a03a4d6db699f607382e87",
    "createdAt": "2020-01-31T02:39:30Z"
  },
  {
    "company": "Jaskolski-Senger",
    "position": "VP Sales",
    "jobLocation": "Svyetlahorsk",
    "jobType": "remote",
    "status": "pending",
    "createdBy": "62a03a4d6db699f607382e87",
    "createdAt": "2020-01-07T18:04:05Z"
  },
  {
    "company": "Borer, Dibbert and Larson",
    "position": "Community Outreach Specialist",
    "jobLocation": "Svislach",
    "jobType": "remote",
    "status": "interview",
    "createdBy": "62a03a4d6db699f607382e87",
    "createdAt": "2020-09-24T05:03:18Z"
  },
  {
    "company": "Littel, Cummerata and Wisoky",
    "position": "Accounting Assistant III",
    "jobLocation": "Simitli",
    "jobType": "remote",
    "status": "pending",
    "createdBy": "62a03a4d6db699f607382e87",
    "createdAt": "2021-08-12T03:47:47Z"
  },
  {
    "company": "Schimmel, Beahan and Baumbach",
    "position": "Pharmacist",
    "jobLocation": "Jakhaly",
    "jobType": "internship",
    "status": "interview",
    "createdBy": "62a03a4d6db699f607382e87",
    "createdAt": "2021-10-21T07:03:27Z"
  },
  {
    "company": "Predovic and Sons",
    "position": "Senior Financial Analyst",
    "jobLocation": "Estoi",
    "jobType": "part-time",
    "status": "pending",
    "createdBy": "62a03a4d6db699f607382e87",
    "createdAt": "2020-12-26T13:14:04Z"
  },
  {
    "company": "Little LLC",
    "position": "Dental Hygienist",
    "jobLocation": "Rebrikha",
    "jobType": "remote",
    "status": "declined",
    "createdBy": "62a03a4d6db699f607382e87",
    "createdAt": "2021-11-23T06:27:19Z"
  },
  {
    "company": "Hahn-Koss",
    "position": "Clinical Specialist",
    "jobLocation": "Tiancheng",
    "jobType": "part-time",
    "status": "pending",
    "createdBy": "62a03a4d6db699f607382e87",
    "createdAt": "2021-06-25T06:40:23Z"
  },
  {
    "company": "Satterfield Group",
    "position": "Nuclear Power Engineer",
    "jobLocation": "Si Bun Rueang",
    "jobType": "remote",
    "status": "pending",
    "createdBy": "62a03a4d6db699f607382e87",
    "createdAt": "2020-09-07T19:38:06Z"
  },
  {
    "company": "Runte-O'Reilly",
    "position": "Tax Accountant",
    "jobLocation": "Chok Chai",
    "jobType": "part-time",
    "status": "interview",
    "createdBy": "62a03a4d6db699f607382e87",
    "createdAt": "2020-10-14T23:25:12Z"
  },
  {
    "company": "Jaskolski LLC",
    "position": "Physical Therapy Assistant",
    "jobLocation": "Paoua",
    "jobType": "part-time",
    "status": "interview",
    "createdBy": "62a03a4d6db699f607382e87",
    "createdAt": "2020-10-31T19:20:18Z"
  },
  {
    "company": "Fritsch-Muller",
    "position": "Desktop Support Technician",
    "jobLocation": "Kosai-shi",
    "jobType": "remote",
    "status": "declined",
    "createdBy": "62a03a4d6db699f607382e87",
    "createdAt": "2021-09-24T11:01:03Z"
  },
  {
    "company": "Schumm-Cormier",
    "position": "Programmer Analyst I",
    "jobLocation": "New Agutaya",
    "jobType": "remote",
    "status": "pending",
    "createdBy": "62a03a4d6db699f607382e87",
    "createdAt": "2020-08-19T18:23:46Z"
  },
  {
    "company": "Toy Group",
    "position": "Software Consultant",
    "jobLocation": "Belfast",
    "jobType": "full-time",
    "status": "interview",
    "createdBy": "62a03a4d6db699f607382e87",
    "createdAt": "2020-08-24T08:56:52Z"
  },
  {
    "company": "Kreiger, Thiel and McDermott",
    "position": "Geologist IV",
    "jobLocation": "Cerenti",
    "jobType": "remote",
    "status": "declined",
    "createdBy": "62a03a4d6db699f607382e87",
    "createdAt": "2021-03-09T08:41:18Z"
  },
  {
    "company": "Pacocha and Sons",
    "position": "Tax Accountant",
    "jobLocation": "An Lão",
    "jobType": "part-time",
    "status": "interview",
    "createdBy": "62a03a4d6db699f607382e87",
    "createdAt": "2020-11-29T04:38:32Z"
  },
  {
    "company": "Veum-Kulas",
    "position": "Marketing Assistant",
    "jobLocation": "Guohe",
    "jobType": "internship",
    "status": "pending",
    "createdBy": "62a03a4d6db699f607382e87",
    "createdAt": "2020-11-28T02:07:37Z"
  },
  {
    "company": "Wilkinson-Kub",
    "position": "Automation Specialist II",
    "jobLocation": "Kuznetsovs’k",
    "jobType": "remote",
    "status": "declined",
    "createdBy": "62a03a4d6db699f607382e87",
    "createdAt": "2021-06-20T11:21:38Z"
  },
  {
    "company": "Kunde and Sons",
    "position": "Sales Associate",
    "jobLocation": "La Mesa",
    "jobType": "internship",
    "status": "declined",
    "createdBy": "62a03a4d6db699f607382e87",
    "createdAt": "2020-09-24T17:22:21Z"
  },
  {
    "company": "Mraz, Weimann and Parisian",
    "position": "Information Systems Manager",
    "jobLocation": "Tshela",
    "jobType": "full-time",
    "status": "declined",
    "createdBy": "62a03a4d6db699f607382e87",
    "createdAt": "2020-02-24T22:56:42Z"
  },
  {
    "company": "Raynor, Harber and Boyer",
    "position": "Programmer I",
    "jobLocation": "Cartagena",
    "jobType": "remote",
    "status": "declined",
    "createdBy": "62a03a4d6db699f607382e87",
    "createdAt": "2020-06-20T03:03:36Z"
  },
  {
    "company": "Senger-Greenfelder",
    "position": "Payment Adjustment Coordinator",
    "jobLocation": "Verkhozim",
    "jobType": "internship",
    "status": "declined",
    "createdBy": "62a03a4d6db699f607382e87",
    "createdAt": "2020-07-01T23:49:49Z"
  },
  {
    "company": "Kunze and Sons",
    "position": "Accounting Assistant III",
    "jobLocation": "Kafr Mandā",
    "jobType": "remote",
    "status": "interview",
    "createdBy": "62a03a4d6db699f607382e87",
    "createdAt": "2021-12-22T11:20:44Z"
  },
  {
    "company": "Bode Group",
    "position": "Quality Control Specialist",
    "jobLocation": "Kosaya Gora",
    "jobType": "full-time",
    "status": "declined",
    "createdBy": "62a03a4d6db699f607382e87",
    "createdAt": "2020-12-26T20:23:21Z"
  },
  {
    "company": "Bednar-Osinski",
    "position": "Chief Design Engineer",
    "jobLocation": "Langley",
    "jobType": "part-time",
    "status": "pending",
    "createdBy": "62a03a4d6db699f607382e87",
    "createdAt": "2021-05-20T05:34:50Z"
  },
  {
    "company": "Waters-Koch",
    "position": "Help Desk Operator",
    "jobLocation": "Orsha",
    "jobType": "full-time",
    "status": "pending",
    "createdBy": "62a03a4d6db699f607382e87",
    "createdAt": "2020-12-21T03:23:00Z"
  },
  {
    "company": "Stehr, Homenick and Turcotte",
    "position": "Assistant Professor",
    "jobLocation": "Shizi",
    "jobType": "full-time",
    "status": "interview",
    "createdBy": "62a03a4d6db699f607382e87",
    "createdAt": "2021-10-05T17:37:24Z"
  },
  {
    "company": "Kuhlman, Balistreri and Romaguera",
    "position": "Automation Specialist I",
    "jobLocation": "Utmānzai",
    "jobType": "remote",
    "status": "declined",
    "createdBy": "62a03a4d6db699f607382e87",
    "createdAt": "2020-08-05T06:53:47Z"
  },
  {
    "company": "Rutherford-Considine",
    "position": "Chemical Engineer",
    "jobLocation": "Sukosari",
    "jobType": "remote",
    "status": "declined",
    "createdBy": "62a03a4d6db699f607382e87",
    "createdAt": "2021-08-09T21:24:39Z"
  },
  {
    "company": "Klein, Wunsch and Gutmann",
    "position": "Clinical Specialist",
    "jobLocation": "Neiguan",
    "jobType": "full-time",
    "status": "interview",
    "createdBy": "62a03a4d6db699f607382e87",
    "createdAt": "2021-06-18T08:15:10Z"
  },
  {
    "company": "Windler-Turner",
    "position": "Research Nurse",
    "jobLocation": "Tilburg",
    "jobType": "part-time",
    "status": "interview",
    "createdBy": "62a03a4d6db699f607382e87",
    "createdAt": "2020-10-15T20:09:06Z"
  },
  {
    "company": "Crooks-Dare",
    "position": "Librarian",
    "jobLocation": "Lévis",
    "jobType": "internship",
    "status": "interview",
    "createdBy": "62a03a4d6db699f607382e87",
    "createdAt": "2021-05-29T04:55:22Z"
  },
  {
    "company": "Labadie LLC",
    "position": "Account Representative II",
    "jobLocation": "Paripiranga",
    "jobType": "remote",
    "status": "pending",
    "createdBy": "62a03a4d6db699f607382e87",
    "createdAt": "2020-08-14T09:32:28Z"
  },
  {
    "company": "Heathcote, Herzog and Konopelski",
    "position": "Biostatistician IV",
    "jobLocation": "Dingzhai",
    "jobType": "full-time",
    "status": "interview",
    "createdBy": "62a03a4d6db699f607382e87",
    "createdAt": "2020-09-15T06:43:57Z"
  },
  {
    "company": "Price Inc",
    "position": "Cost Accountant",
    "jobLocation": "Severnyy",
    "jobType": "remote",
    "status": "interview",
    "createdBy": "62a03a4d6db699f607382e87",
    "createdAt": "2020-10-20T19:59:44Z"
  },
  {
    "company": "Cartwright LLC",
    "position": "Engineer IV",
    "jobLocation": "Pétionville",
    "jobType": "internship",
    "status": "declined",
    "createdBy": "62a03a4d6db699f607382e87",
    "createdAt": "2020-06-22T12:27:14Z"
  },
  {
    "company": "Bode, Bernier and Trantow",
    "position": "Database Administrator II",
    "jobLocation": "San Agustin",
    "jobType": "full-time",
    "status": "pending",
    "createdBy": "62a03a4d6db699f607382e87",
    "createdAt": "2021-05-05T01:43:43Z"
  },
  {
    "company": "Kirlin LLC",
    "position": "Software Test Engineer IV",
    "jobLocation": "Isulan",
    "jobType": "remote",
    "status": "interview",
    "createdBy": "62a03a4d6db699f607382e87",
    "createdAt": "2020-12-03T09:15:40Z"
  },
  {
    "company": "Bechtelar-Bednar",
    "position": "Civil Engineer",
    "jobLocation": "Kiamba",
    "jobType": "internship",
    "status": "declined",
    "createdBy": "62a03a4d6db699f607382e87",
    "createdAt": "2021-12-27T03:20:35Z"
  },
  {
    "company": "Barrows Inc",
    "position": "Graphic Designer",
    "jobLocation": "Baihua",
    "jobType": "internship",
    "status": "interview",
    "createdBy": "62a03a4d6db699f607382e87",
    "createdAt": "2021-11-22T08:24:08Z"
  },
  {
    "company": "Boehm, Bashirian and Ledner",
    "position": "Internal Auditor",
    "jobLocation": "Princeton",
    "jobType": "part-time",
    "status": "interview",
    "createdBy": "62a03a4d6db699f607382e87",
    "createdAt": "2021-02-01T05:24:13Z"
  },
  {
    "company": "Swaniawski-Murphy",
    "position": "Web Designer IV",
    "jobLocation": "Liutan",
    "jobType": "remote",
    "status": "interview",
    "createdBy": "62a03a4d6db699f607382e87",
    "createdAt": "2020-08-05T15:12:41Z"
  },
  {
    "company": "Luettgen, Swaniawski and Altenwerth",
    "position": "Human Resources Manager",
    "jobLocation": "Fengmen",
    "jobType": "part-time",
    "status": "interview",
    "createdBy": "62a03a4d6db699f607382e87",
    "createdAt": "2020-11-03T23:31:16Z"
  },
  {
    "company": "Rutherford-Brown",
    "position": "Chief Design Engineer",
    "jobLocation": "Fulong",
    "jobType": "remote",
    "status": "declined",
    "createdBy": "62a03a4d6db699f607382e87",
    "createdAt": "2020-06-29T07:04:40Z"
  },
  {
    "company": "Roob and Sons",
    "position": "Assistant Professor",
    "jobLocation": "Kebonsari Kidul",
    "jobType": "full-time",
    "status": "declined",
    "createdBy": "62a03a4d6db699f607382e87",
    "createdAt": "2021-05-01T11:04:20Z"
  },
  {
    "company": "Orn Inc",
    "position": "Senior Sales Associate",
    "jobLocation": "Dmitriyevka",
    "jobType": "full-time",
    "status": "declined",
    "createdBy": "62a03a4d6db699f607382e87",
    "createdAt": "2020-02-29T06:16:40Z"
  },
  {
    "company": "Weissnat LLC",
    "position": "Data Coordiator",
    "jobLocation": "Néa Kíos",
    "jobType": "part-time",
    "status": "declined",
    "createdBy": "62a03a4d6db699f607382e87",
    "createdAt": "2020-04-03T14:02:29Z"
  },
  {
    "company": "Macejkovic Group",
    "position": "Executive Secretary",
    "jobLocation": "Piracuruca",
    "jobType": "full-time",
    "status": "interview",
    "createdBy": "62a03a4d6db699f607382e87",
    "createdAt": "2021-08-18T13:07:09Z"
  },
  {
    "company": "Cremin LLC",
    "position": "Environmental Tech",
    "jobLocation": "Meixian",
    "jobType": "full-time",
    "status": "declined",
    "createdBy": "62a03a4d6db699f607382e87",
    "createdAt": "2021-12-10T00:41:19Z"
  },
  {
    "company": "West-Cruickshank",
    "position": "Assistant Media Planner",
    "jobLocation": "San Ramón de la Nueva Orán",
    "jobType": "full-time",
    "status": "pending",
    "createdBy": "62a03a4d6db699f607382e87",
    "createdAt": "2021-01-02T14:35:26Z"
  },
  {
    "company": "Schmitt, Murphy and Simonis",
    "position": "Staff Scientist",
    "jobLocation": "Puntaru",
    "jobType": "internship",
    "status": "declined",
    "createdBy": "62a03a4d6db699f607382e87",
    "createdAt": "2021-09-14T23:56:30Z"
  },
  {
    "company": "Smitham Inc",
    "position": "Programmer Analyst I",
    "jobLocation": "Shanghu",
    "jobType": "internship",
    "status": "declined",
    "createdBy": "62a03a4d6db699f607382e87",
    "createdAt": "2021-05-03T05:37:59Z"
  },
  {
    "company": "Gottlieb LLC",
    "position": "Safety Technician III",
    "jobLocation": "Jingmen",
    "jobType": "part-time",
    "status": "pending",
    "createdBy": "62a03a4d6db699f607382e87",
    "createdAt": "2020-04-09T13:05:35Z"
  },
  {
    "company": "Erdman and Sons",
    "position": "Civil Engineer",
    "jobLocation": "Arrah",
    "jobType": "remote",
    "status": "pending",
    "createdBy": "62a03a4d6db699f607382e87",
    "createdAt": "2020-07-25T22:53:24Z"
  },
  {
    "company": "Rohan-Feil",
    "position": "Programmer II",
    "jobLocation": "Lidköping",
    "jobType": "full-time",
    "status": "pending",
    "createdBy": "62a03a4d6db699f607382e87",
    "createdAt": "2020-06-10T07:35:43Z"
  },
  {
    "company": "Mraz-Hilpert",
    "position": "Account Executive",
    "jobLocation": "Kota Kinabalu",
    "jobType": "full-time",
    "status": "pending",
    "createdBy": "62a03a4d6db699f607382e87",
    "createdAt": "2021-12-07T20:53:45Z"
  },
  {
    "company": "Runolfsdottir and Sons",
    "position": "Associate Professor",
    "jobLocation": "Hewan",
    "jobType": "full-time",
    "status": "interview",
    "createdBy": "62a03a4d6db699f607382e87",
    "createdAt": "2021-07-24T07:35:08Z"
  },
  {
    "company": "Schneider and Sons",
    "position": "Staff Scientist",
    "jobLocation": "Wadusari",
    "jobType": "full-time",
    "status": "declined",
    "createdBy": "62a03a4d6db699f607382e87",
    "createdAt": "2020-04-01T09:32:34Z"
  },
  {
    "company": "Gislason, Rice and Rosenbaum",
    "position": "Help Desk Operator",
    "jobLocation": "As Suwaydā",
    "jobType": "part-time",
    "status": "pending",
    "createdBy": "62a03a4d6db699f607382e87",
    "createdAt": "2021-05-18T19:10:23Z"
  },
  {
    "company": "Klocko and Sons",
    "position": "Actuary",
    "jobLocation": "Dianfang",
    "jobType": "full-time",
    "status": "pending",
    "createdBy": "62a03a4d6db699f607382e87",
    "createdAt": "2021-12-08T18:33:34Z"
  },
  {
    "company": "Shanahan-Runte",
    "position": "Developer III",
    "jobLocation": "Liuhe",
    "jobType": "remote",
    "status": "pending",
    "createdBy": "62a03a4d6db699f607382e87",
    "createdAt": "2021-06-05T00:16:36Z"
  },
  {
    "company": "Grimes, Cormier and Funk",
    "position": "Systems Administrator II",
    "jobLocation": "Levashi",
    "jobType": "full-time",
    "status": "interview",
    "createdBy": "62a03a4d6db699f607382e87",
    "createdAt": "2021-05-07T06:49:04Z"
  }
]
